,text,lang,id,created_at,author_id
0,"What Is Dynamic Keyword Insertion?
visit: https://t.co/eK16wVbmRk

#DigitalMarketing #GrowthHacking #OnlineBusiness #ContentMarketing  #SmallBusiness #100DaysOfCode #SoftwareDeveloper #coder #cybersecurity #BigData #javascript #technology #java #tech #MachineLearning #python https://t.co/PozvjgmTdH",en,1538003835842465795,2022-06-18T03:41:03.000Z,1497512902802083841
1,"Are you working on FrontEnd?
 
visit: https://t.co/2umUcxTg2z
 
#100DaysOfCode #coder #cybersecurity #BigData #javascript #technology #java #tech #MachineLearning #pythonprogramming #python #JobSearch #job #tech #IIoT #Code #DataScience #linux #IoT #Onlin‚Ä¶https://t.co/QVGXp7ZQPR",en,1538003828062048258,2022-06-18T03:41:01.000Z,880010670623739904
2,#Python Libraries and Frameworks. #MachineLearning #DataScience #SQL #Cybersecurity #BigData #Analytics #AI #IIoT #RStats #TensorFlow #JavaScript #ReactJS #CloudComputing #Serverless #DataScientist #Linux #Programming #Coding #100DaysofCode #NodeJS #golang #NLP #GitHub #IoT #AWS https://t.co/sU9b9u07oa,en,1538003760311545856,2022-06-18T03:40:45.000Z,1521193373591384064
3,"I used to think how awesome it'd be if I can use python with CSS.

And today, on the 3rd day of #100DaysOfCode I learned about template and laying pipelines in django.

Now I can use python with CSS.",en,1538003758260531206,2022-06-18T03:40:45.000Z,1465563001243668480
4,"The #Metaverse May Generate Up to $5 #Trillion in Value by 2030!

https://t.co/s86MrHzK5T

#VirtualWorlds #web3 #VR #AR #MR #XR #ExtendedReality #VirtualReality #AugmentedReality #MixedReality #Tech #100DaysOfCode #OpenSource #bot #python #javascript #Developer #CodeNewbie #RT",en,1538003748768796672,2022-06-18T03:40:43.000Z,91608548
5,"""As long as a human being worries about when he will die, and what he has that is his, all of his works are zero.""- Kabir #softwareengineer #javascript #python #C++ #golang #nodejs #reactjs #stockopertor #highgrowthstocks $SPX $QQQ $RUT $VIX #canslim #100DaysOfCode",en,1538003618980167680,2022-06-18T03:40:12.000Z,1243665419501744133
6,"Linux Path Cheat Sheet -

#infosec #CyberSecurity #Hacking #cyber #infosecurity  #Pentesting #nmap #cyberattack #Linux #AWS #opensource #security #MachineLearning #DataScience #DataAnalytics #bugbounty #100DaysOfCode #100daysofcodechallenge #Python #javascript #AI #SQL https://t.co/T4L11XfVyh",en,1538003515301253122,2022-06-18T03:39:47.000Z,1521193373591384064
7,"Are you working on FrontEnd?
 
visit: https://t.co/z4anOpIxV5
 
#100DaysOfCode #coder #cybersecurity #BigData #javascript #technology #java #tech #MachineLearning #pythonprogramming #python #JobSearch #job #tech #IIoT #Code #DataScience #linux #IoT #Onlin‚Ä¶https://t.co/xeG9pP4Gyu",en,1538003447013707777,2022-06-18T03:39:31.000Z,1510098009832386565
8,"Blockchain's potential: How #AI can change the #decentralized ledger
 https://t.co/FSRoEoW2Pp

#technology #blockchains #Cryptos #ledger #AI #ML #DL #Algorithms #NFTCommunity #Python #OpenSource #Bitcoin #BTC #DeFi #Banking #fintech #finserv #finance #bot #100DaysOfCode #100Devs",en,1538003323936157697,2022-06-18T03:39:01.000Z,91608548
9,"#ApacheApex: Next Gen Platform. #BigData #Analytics #DataScience #AI #MachineLearning #IoT #IIoT #PyTorch #Python #RStats #TensorFlow #Java #JavaScript #ReactJS #GoLang #CloudComputing #Serverless #DataScientist #Linux #Programming #Coding #100DaysofCode 
https://t.co/RMyZ069hPL https://t.co/veT5lOTKLE",en,1538003159041253376,2022-06-18T03:38:22.000Z,1521193373591384064
10,"Are you working on FrontEnd ?üíª 
visit: https://t.co/z4anOpIxV5
 
#100DaysOfCode #coder #cybersecurity #BigData #javascript #technology #java #tech #MachineLearning #pythonprogramming #python #JobSearch #job #tech #IIoT #Code #DataScience #linux #IoT #Online #ai #DataAnalytics https://t.co/dlNTQ8WXr1",en,1538002925271666688,2022-06-18T03:37:26.000Z,1510098009832386565
11,"We ensure professionalism in the work allocated:
‚úìCoursework  
‚úìEssay due
‚úìPay Math
‚úìPay Paper
‚úìHomework
‚úìOnline Class
‚úìPay Assignment
‚úìStatistics
‚úìTerm Paper
‚úìAccounting
‚úìBiology
‚úìChemistry
#100DaysOfCode .
#Python qualityhomeworkhelp@gmail.com",en,1538002749811326977,2022-06-18T03:36:44.000Z,1142012028627951616
12,"Grade A+ assured in any timed paper
#Essay due
#Pay write
#javascript
#Onlineclass 
#Philosophy 
#Chemistry
Literature
#Calculus1,2
#Biology
#Python
#Nursing
#psychology
#Essayhelp'
#Essay
#Essaypay;
#100DaysOfCode
#WomenWhoCode
#Java
#Linux .
DM.
https://t.co/nS2voRFyIt",en,1538002526334615552,2022-06-18T03:35:51.000Z,1249156366897463296
13,"Grade A+ assured in any timed paper
#Essay due
#Pay write
#javascript
#Onlineclass 
#Philosophy 
#Chemistry
Literature
#Calculus1,2
#Biology
#Python
#Nursing
#psychology
#Essayhelp'
#Essay
#Essaypay;
#100DaysOfCode
#WomenWhoCode
#Java
#Linux .
DM.
https://t.co/nS2voRFyIt",en,1538002522194907140,2022-06-18T03:35:50.000Z,1249156366897463296
14,The Cheat-Sheets of #MachineLearning and #Python (and #Mathematics). #BigData #Analytics #DataScience #AI #IoT #IIoT #RStats #TensorFlow #Java #JavaScript #ReactJS #CloudComputing #Serverless #DataScientist #Linux #Programming #Coding #100DaysofCode https://t.co/fbXHZ9DFt6,en,1538002454737846272,2022-06-18T03:35:34.000Z,1479763924396376070
15,"Working in virtual reality for a week made people less #productive 

https://t.co/e6HQAocIG7

#Metaverse #VirtualWorlds #web3 #VR #AR #MR #XR #VirtualReality #AugmentedReality #MixedReality #technology #100DaysOfCode #OpenSource #bot #python #javascript #Developer #CodeNewbie #RT",en,1538002337133760512,2022-06-18T03:35:06.000Z,91608548
16,#Linux path cheat sheet #MachineLearning #DataScience #SQL #Cybersecurity #BigData #Analytics #AI #IIoT #Python #RStats #TensorFlow #JavaScript #ReactJS #CloudComputing #Serverless #DataScientist #DevOps #Programming #Coding #100DaysofCode #NodeJS #golang #NLP #GitHub #IoT #MLOps https://t.co/IEOSSMtzX4,en,1538001839571906560,2022-06-18T03:33:07.000Z,1497512902802083841
17,"TrustSec unveils new biometric cards for physical and logical access control 

https://t.co/1C4qKi5Sqy #Metaverse #bigdata #analytics #AI #Python #flutter #marketing #JavaScript #IoT #100DaysofCode #bot #blockchain #fintech #insurtech #finserv #web3 #neobanks #GovTech #DeFi",en,1538001807435190275,2022-06-18T03:33:00.000Z,75673231
18,#Linux path cheat sheet #MachineLearning #DataScience #SQL #Cybersecurity #BigData #Analytics #AI #IIoT #Python #RStats #TensorFlow #JavaScript #ReactJS #CloudComputing #Serverless #DataScientist #DevOps #Programming #Coding #100DaysofCode #NodeJS #golang #NLP #GitHub #IoT #MLOps https://t.co/uWx3l95zf1,en,1538001680947552257,2022-06-18T03:32:30.000Z,1521193373591384064
19,Support Vector Machine with Kernel. #BigData #Analytics #DataScience #AI #MachineLearning #IoT #IIoT #Python #RStats #TensorFlow #Java #JavaScript #ReactJS #GoLang #CloudComputing #Serverless #DataScientist #Linux #Programming #Coding #100DaysofCode https://t.co/UKkUhd9zpD,en,1538001467075768320,2022-06-18T03:31:39.000Z,1497512902802083841
20,"Top Programming Languages used in different domains

Which one are you working on? üíª

#AI #100DaysOfCode #Python #webdeveloper #Blockchain #cybersecurity #ios #Android #IOT #gamedev #BigData #javascript #technology #java #tech #MachineLearning #ML #datascience #programmers https://t.co/28Bcbq6y9b",en,1538001331029323777,2022-06-18T03:31:06.000Z,1497512902802083841
21,"In the Metaverse, Life Imitates #art
 https://t.co/iCSLC9OICV

#Metaverse #VirtualWorlds #web3 #VR #AR #MR #XR #ExtendedReality #VirtualReality #AugmentedReality #MixedReality #technology #100DaysOfCode #OpenSource #bot #python #javascript #Developer #CodeNewbie #RT #Artist #life",en,1538000908738387969,2022-06-18T03:29:25.000Z,91608548
22,"#China linked #APT Flew Under Radar for Decade
 https://t.co/8sd5PpRzvP

#cyberwar #cybercrime #cyber #hacker #privacy #APT41 #bot #CISO #SRE #100DaysOfCode #CodeNewbies #Developers #bugbounty #CyberAttack #cybersecurity #Security #infosec #OpenSource #Python #javascript #Chinese",en,1538000038931988483,2022-06-18T03:25:58.000Z,91608548
23,"HEY DEVS, TAKE THIS SURVEY &amp;  WIN A MACBOOK
https://t.co/RLKrSg1Llq

#MachineLearning #DataScience #pastor #BigData #Analytics #Python #TensorFlow #JavaScript #ReactJS #CloudComputing #ASUU  #Linux #Programming #Coding #100DaysofCode #NodeJS #golang #IoT #webdevelopment
#bitcoins https://t.co/MqXKU4GFRu",en,1537999931545268224,2022-06-18T03:25:32.000Z,822467311361818625
24,"""Too Busy"" is a myth.
People make time for things that are important to them.

#100Daysofcode #programming #CodeNewbie #python #AI #bugbounty #DataScience #gamedev #BigData #Cube #NeuralNetworks #OpenSource #tetragram #NewZealand #nzpol https://t.co/sTlWca6S74",en,1537999730797858817,2022-06-18T03:24:45.000Z,945606416
25,"It was bound to happen: #NASDAQ opening bell rings in the Metaverse for the first time
 https://t.co/ULfapxYjP4

#Metaverse #VirtualWorlds #web3 #VR #AR #MR #XR #AugmentedReality #technology #100DaysOfCode #OpenSource #bot #python #twitme #javascript #Developer #CodeNewbie #RT",en,1537999621070258177,2022-06-18T03:24:18.000Z,91608548
26,"#Python #NodeJS #javascripttflx  #Cybersecurity #SEO  #medeepakjain #learnwithdeepak #javascript  #macOS #100DaysOfCode @PhishFindR #WordPress #webdev 
Live Cyber Threat Map
18-06-2022 ‚Äì 05:21
https://t.co/0NpkLEj2cj",en,1537999142328209408,2022-06-18T03:22:24.000Z,1199332435701485569
27,"https://t.co/DOjZX75TGv

#NFTs #NFTdrop #ETH #flutter #Serverless #hr #100DaysOfCode #CodeNewbie #Developers #bugbounty #CyberAttack #cybersecurity #Security #infosec #OpenSource #Python #javascript #tech #DataSecurity #Malware #Hackers #NFTCommunity #NFTGiveaway #nftcollectors",qme,1537998916766949379,2022-06-18T03:21:31.000Z,1459057388237950981
28,"https://t.co/u28phr5MYc

#NFTs #NFTdrop #ETH #flutter #Serverless #hr #100DaysOfCode #CodeNewbie #Developers #bugbounty #CyberAttack #cybersecurity #Security #infosec #OpenSource #Python #javascript #tech #DataSecurity #Malware #Hackers #NFTCommunity #NFTGiveaway #nftcollectors",qme,1537998913902239746,2022-06-18T03:21:30.000Z,1459057388237950981
29,"https://t.co/tUCEgdDYiF

#NFTs #NFTdrop #ETH #flutter #Serverless #hr #100DaysOfCode #CodeNewbie #Developers #bugbounty #CyberAttack #cybersecurity #Security #infosec #OpenSource #Python #javascript #tech #DataSecurity #Malware #Hackers #NFTCommunity #NFTGiveaway #nftcollectors",qme,1537998911146561537,2022-06-18T03:21:29.000Z,1459057388237950981
30,"https://t.co/F5xcItJtYk

#NFTs #NFTdrop #ETH #flutter #Serverless #hr #100DaysOfCode #CodeNewbie #Developers #bugbounty #CyberAttack #cybersecurity #Security #infosec #OpenSource #Python #javascript #tech #DataSecurity #Malware #Hackers #NFTCommunity #NFTGiveaway #nftcollectors",qme,1537998908470665222,2022-06-18T03:21:29.000Z,1459057388237950981
31,"https://t.co/R6tYQI33aA

#NFTs #NFTdrop #ETH #flutter #Serverless #hr #100DaysOfCode #CodeNewbie #Developers #bugbounty #CyberAttack #cybersecurity #Security #infosec #OpenSource #Python #javascript #tech #DataSecurity #Malware #Hackers #NFTCommunity #NFTGiveaway #nftcollectors",qme,1537998905706618880,2022-06-18T03:21:28.000Z,1459057388237950981
32,"https://t.co/I20OiFFNI0

#NFTs #NFTdrop #ETH #flutter #Serverless #hr #100DaysOfCode #CodeNewbie #Developers #bugbounty #CyberAttack #cybersecurity #Security #infosec #OpenSource #Python #javascript #tech #DataSecurity #Malware #Hackers #NFTCommunity #NFTGiveaway #nftcollectors",qme,1537998902963515392,2022-06-18T03:21:27.000Z,1459057388237950981
33,"https://t.co/0ZFAaFxdfh

#NFTs #NFTdrop #ETH #flutter #Serverless #hr #100DaysOfCode #CodeNewbie #Developers #bugbounty #CyberAttack #cybersecurity #Security #infosec #OpenSource #Python #javascript #tech #DataSecurity #Malware #Hackers #NFTCommunity #NFTGiveaway #nftcollectors",qme,1537998900283355137,2022-06-18T03:21:27.000Z,1459057388237950981
34,"https://t.co/satjujuxeQ

#NFTs #NFTdrop #ETH #flutter #Serverless #hr #100DaysOfCode #CodeNewbie #Developers #bugbounty #CyberAttack #cybersecurity #Security #infosec #OpenSource #Python #javascript #tech #DataSecurity #Malware #Hackers #NFTCommunity #NFTGiveaway #nftcollectors",qme,1537998897447985152,2022-06-18T03:21:26.000Z,1459057388237950981
35,"https://t.co/99jfl2ajHY

#NFTs #NFTdrop #ETH #flutter #Serverless #hr #100DaysOfCode #CodeNewbie #Developers #bugbounty #CyberAttack #cybersecurity #Security #infosec #OpenSource #Python #javascript #tech #DataSecurity #Malware #Hackers #NFTCommunity #NFTGiveaway #nftcollectors",qme,1537998894621069312,2022-06-18T03:21:25.000Z,1459057388237950981
36,"https://t.co/Fz7WPaYmaM

#NFTs #NFTdrop #ETH #flutter #Serverless #hr #100DaysOfCode #CodeNewbie #Developers #bugbounty #CyberAttack #cybersecurity #Security #infosec #OpenSource #Python #javascript #tech #DataSecurity #Malware #Hackers #NFTCommunity #NFTGiveaway #nftcollectors",qme,1537998891848589312,2022-06-18T03:21:25.000Z,1459057388237950981
37,"https://t.co/lfwMhx56PH

#NFTs #NFTdrop #ETH #flutter #Serverless #hr #100DaysOfCode #CodeNewbie #Developers #bugbounty #CyberAttack #cybersecurity #Security #infosec #OpenSource #Python #javascript #tech #DataSecurity #Malware #Hackers #NFTCommunity #NFTGiveaway #nftcollectors",qme,1537998888962912261,2022-06-18T03:21:24.000Z,1459057388237950981
38,"https://t.co/VawuLKfwSi

#NFTs #NFTdrop #ETH #flutter #Serverless #hr #100DaysOfCode #CodeNewbie #Developers #bugbounty #CyberAttack #cybersecurity #Security #infosec #OpenSource #Python #javascript #tech #DataSecurity #Malware #Hackers #NFTCommunity #NFTGiveaway #nftcollectors",qme,1537998886014291968,2022-06-18T03:21:23.000Z,1459057388237950981
39,"https://t.co/3rECws6OEX

#NFTs #NFTdrop #ETH #flutter #Serverless #hr #100DaysOfCode #CodeNewbie #Developers #bugbounty #CyberAttack #cybersecurity #Security #infosec #OpenSource #Python #javascript #tech #DataSecurity #Malware #Hackers #NFTCommunity #NFTGiveaway #nftcollectors",qme,1537998882998583297,2022-06-18T03:21:23.000Z,1459057388237950981
40,#Python #NodeJS #javascripttflx  #Cybersecurity #SEO  #medeepakjain #learnwithdeepak #javascript  #macOS #100DaysOfCode @PhishFindR #WordPress #webdev https://t.co/PqtyF6FmAu,qme,1537998855253266433,2022-06-18T03:21:16.000Z,1199332435701485569
41,Support Vector Machine with Kernel. #BigData #Analytics #DataScience #AI #MachineLearning #IoT #IIoT #Python #RStats #TensorFlow #Java #JavaScript #ReactJS #GoLang #CloudComputing #Serverless #DataScientist #Linux #Programming #Coding #100DaysofCode https://t.co/hILNarqcGW,en,1537998606984065026,2022-06-18T03:20:17.000Z,1479763924396376070
42,Day 7/100 python üêç üíª‚å®Ô∏èüßë‚Äçüíªüñ±Ô∏èüñ•Ô∏è#100daysofcode #100daysofcodechallenge #100DaysOfCode #100daysofpython #100dayOfCode #100,en,1537998210592976897,2022-06-18T03:18:42.000Z,555686075
43,#ArtificialIntelligence #BigData #Analytics #DataScience #AI #IoT #IIoT #PyTorch #Python #TensorFlow #Java #JavaScript #CloudComputing #DevCommunity #DataScientist #Programming #DigitalTransformation #Cloud #MachineLearning #100DaysofCode https://t.co/hgqL8OQo3Z,qme,1537997851808374784,2022-06-18T03:17:17.000Z,3071226570
44,#BigData #Analytics #DataScience #AI #IoT #IIoT #PyTorch #Python #TensorFlow #Java #JavaScript #CloudComputing #DevCommunity #DataScientist #Programming #DigitalTransformation #Cloud #MachineLearning #100DaysofCode https://t.co/HUyJOxug5h,qme,1537997674250907648,2022-06-18T03:16:34.000Z,3071226570
45,"#FEATURED #COURSES
Complete #Python #Developer in 2022: Zero to Mastery
How to become a #Python3 Developer and get hired
Build 12+ projects
learn #Web #Development
#Machine #Learning + more
https://t.co/vRkg9EK8Sw
#CodeNewbies #100DaysOfCode #webdevelopment #WomenWhoCode #online https://t.co/sWo5WlNXdw",en,1537997640230502402,2022-06-18T03:16:26.000Z,134434122
46,#BigData #Analytics #DataScience #AI #IoT #IIoT #PyTorch #Python #TensorFlow #Java #JavaScript #CloudComputing #DevCommunity #DataScientist #Programming #DigitalTransformation #Cloud #MachineLearning #100DaysofCode https://t.co/uEpdsbROO4,qme,1537997621650165762,2022-06-18T03:16:22.000Z,3071226570
47,#Python. #BigData #Analytics #DataScience #AI #MachineLearning #IoT #IIoT #RStats #TensorFlow #GoLang #JavaScript #ReactJS #CloudComputing #Serverless #DataScientist #Linux #Programming #Coding #100DaysofCode https://t.co/ip1wtE2Ooc,und,1537997546307862530,2022-06-18T03:16:04.000Z,3071226570
48,#100DaysOfCode #coder #cybersecurity #BigData #javascript #technology #java #tech #MachineLearning #pythonprogramming #pythoncode #JobSearch #job #tech #IIoT #Code #DataScience #linux #IoT #Online #ai #DataAnalytics #Python #javascript #Coding https://t.co/wRCEv6cMw2,qme,1537997482831265792,2022-06-18T03:15:49.000Z,3071226570
49,"How #Crypto #Lender #Celsius Overheated 

Via @VeilleCyber3

#cryptocurrencies #MachineLearning #AI #Python #DeepLearning #100DaysOfCode #fintech #nocode #bitcoin #cybersecurity #cybersecurite #metaverse #NFTs #cryptocrash https://t.co/vqkYJzjeug",en,1537997327310282752,2022-06-18T03:15:12.000Z,38403228
50,"A. thaliana T-DNA investigation by #ONT sequencing
https://t.co/BvrvfBth8y
#OpenScience #DataScience #100DaysOfCode #WomenWhoCode #BigData #MachineLearning #SciComm #phdchat #serverless #Linux #Python #coding #Bioinformatics #AcademicChatter #ScienceTwitter #Genomics #retweet https://t.co/qWnpQlZnut",en,1537997220657516551,2022-06-18T03:14:46.000Z,1038314975968866304
51,"#Python #NodeJS #javascripttflx  #Cybersecurity #SEO  #medeepakjain #learnwithdeepak #javascript  #macOS #100DaysOfCode @PhishFindR #WordPress #webdev 
13"" M2 MacBook Pro vs 14"" MacBook Pro - What you NEED to KNOW!
16 giu 2022
https://t.co/pdFLd8xqIc",en,1537997084653105153,2022-06-18T03:14:14.000Z,1199332435701485569
52,"ACE that class with our Scholars
*Project
*Math
*Essay due
*Pay write
*English
*Paper pay
*Case study
*Quiz.. 
*Do my homework
*Online classes
*Python.
*Philosophy 
*Assignment due
#Pay someone write
#100DaysOfCode
#NodeJS
#javascript
#coding
Dm or Email precisewriter8@gmail.com",en,1537996816699904000,2022-06-18T03:13:10.000Z,1524433180840890368
53,"106 ETH Traded!

#RetweeetPlease 

ü´¢ 105 #ETH Traded

üí´https://t.co/1IbLzITOhL

#RETWEEET #NFTs #NFTdrop #flutter #Serverless #hr #100DaysOfCode #CodeNewbie #Developers #bugbounty #CyberAttack #cybersecurity #Security #infosec #OpenSource #Python #javascript #tech #cloud $BTC https://t.co/V3ncpkQGZH",en,1537996740581724162,2022-06-18T03:12:52.000Z,1459057388237950981
54,"ACE that class with our Scholars
*Project
*Math
*Essay due
*Pay write
*English
*Paper pay..
*Case study
*Quiz.. 
*Do my homework
*Online classes
*Python
*Philosophy 
*Assignment due
#Pay someone write
#100DaysOfCode
#NodeJS
#javascript
#coding
Dm or Email precisewriter8@gmail.com",en,1537996598667423745,2022-06-18T03:12:18.000Z,1524433180840890368
55,"https://t.co/C58XcHRDoL

#python #softwaredevelopment #python3 #beginning #computerscience #100daysofcode #introductory 
Automate the Boring Stuff with Python, 2nd Edition: Practical Programming for Total Beginners",en,1537996539712352257,2022-06-18T03:12:04.000Z,1528856711725031425
56,"HEY DEVS, TAKE THIS SURVEY &amp;  WIN $1000 USD
https://t.co/RLKrSg1Llq

#MachineLearning #DataScience #pastor #BigData #Analytics #Python #TensorFlow #JavaScript #ReactJS #CloudComputing #ASUU  #Linux #Programming #Coding #100DaysofCode #NodeJS #golang #IoT #webdevelopment
#bitcoins https://t.co/BrLW0MocLb",en,1537996460054020102,2022-06-18T03:11:45.000Z,822467311361818625
57,"ACE that class with our Scholars
*Project
*Math
*Essay due
*Pay write
*English
*Paper pay
*Case study
*Quiz 
*Do my homework
*Online classes.. 
*Python
*Philosophy 
*Assignment due
#Pay someone write
#100DaysOfCode
#NodeJS
#javascript
#coding
Dm or Email precisewriter8@gmail.com",en,1537996331288956928,2022-06-18T03:11:14.000Z,1524433180840890368
58,"HEY DEVS, TAKE THIS SURVEY &amp;  WIN $1000 USD
https://t.co/RLKrSg1Llq

#MachineLearning #DataScience #pastor #BigData #Analytics #Python #TensorFlow #JavaScript #ReactJS #CloudComputing #ASUU  #Linux #Programming #Coding #100DaysofCode #NodeJS #golang #IoT #webdevelopment
#bitcoins https://t.co/mx8Bbo7BjN",en,1537996129496838144,2022-06-18T03:10:26.000Z,822467311361818625
59,"Sequencing A. thaliana genomes with #ONT
https://t.co/dDepIIxllo
#OpenScience #DataScience #100DaysOfCode #WomenWhoCode #BigData #MachineLearning #SciComm #phdchat #Rstats #serverless #Linux #Python #coding #Bioinformatics #AcademicChatter #ScienceTwitter #Genomics #retweet https://t.co/9sUyECno5s",en,1537996122668421124,2022-06-18T03:10:24.000Z,1096896444156600320
60,"ACE that class with our Scholars
*Project
*Math
*Essay due
*Pay write
*English
*Paper pay
*Case study
*Quiz
*Online classes
*Python.. 
*Philosophy..
*Book review,,, 
*Assignment due.. 
#Pay someone write
#100DaysOfCode
#NodeJS
#javascript
Dm or Email precisewriter8@gmail.com",en,1537996120747413504,2022-06-18T03:10:24.000Z,1524433180840890368
61,"HEY DEVS, TAKE THIS SURVEY &amp;  WIN $1000 USD
https://t.co/RLKrSg1Llq

#MachineLearning #DataScience #pastor #BigData #Analytics #Python #TensorFlow #JavaScript #ReactJS #CloudComputing #ASUU  #Linux #Programming #Coding #100DaysofCode #NodeJS #golang #IoT #webdevelopment
#bitcoins https://t.co/42OOonGM5K",en,1537996065525313539,2022-06-18T03:10:11.000Z,822467311361818625
62,"""Happiness depends upon ourselves.""- Aristotle #softwareengineer #javascript #python #C++ #golang #nodejs #reactjs #stockopertor #highgrowthstocks $SPX $QQQ $RUT $VIX #canslim #100DaysOfCode",en,1537996049003925508,2022-06-18T03:10:07.000Z,1243665419501744133
63,"HEY DEVS, TAKE THIS SURVEY &amp;  WIN $1000 USD
https://t.co/RLKrSg1Llq

#MachineLearning #DataScience #pastor #BigData #Analytics #Python #TensorFlow #JavaScript #ReactJS #CloudComputing #ASUU  #Linux #Programming #Coding #100DaysofCode #NodeJS #golang #IoT #webdevelopment
#bitcoins",en,1537995983853760515,2022-06-18T03:09:51.000Z,822467311361818625
64,"HEY DEVS, TAKE THIS SURVEY &amp;  WIN $1000 USD
https://t.co/RLKrSg1Llq

#MachineLearning #DataScience #pastor #BigData #Analytics #Python #TensorFlow #JavaScript #ReactJS #CloudComputing #ASUU  #Linux #Programming #Coding #100DaysofCode #NodeJS #golang #IoT #webdevelopment
#bitcoins https://t.co/BPWk4MlYEq",en,1537995916631625728,2022-06-18T03:09:35.000Z,822467311361818625
65,"#Cisco says it won‚Äôt fix #zeroday RCE in end-of-life #VPN #routers
 https://t.co/uBMzlNX0ii

#RCE #cyberwar #cybercrime #cyber #hacker #privacy #APT #bot #CISO #100DaysOfCode #CodeNewbies #bugbounty #CyberAttack #cybersecurity #Security #infosec #OpenSource #Python #javascript",en,1537995695256309763,2022-06-18T03:08:42.000Z,91608548
66,"HEY DEVS, TAKE THIS SURVEY &amp;  WIN $1000 USD
https://t.co/RLKrSg1Llq

#MachineLearning #DataScience #pastor #BigData #Analytics #Python #TensorFlow #JavaScript #ReactJS #CloudComputing #ASUU  #Linux #Programming #Coding #100DaysofCode #NodeJS #golang #IoT #webdevelopment
#bitcoins https://t.co/r6JAxmWFgx",en,1537995675983482884,2022-06-18T03:08:38.000Z,822467311361818625
67,"HEY DEVS, TAKE THIS SURVEY &amp;  WIN $1000 USD
https://t.co/RLKrSg1Llq

#MachineLearning #DataScience #pastor #BigData #Analytics #Python #TensorFlow #JavaScript #ReactJS #CloudComputing #ASUU  #Linux #Programming #Coding #100DaysofCode #NodeJS #golang #IoT #webdevelopment
#bitcoins https://t.co/shcC2EAGMg",en,1537995423922589696,2022-06-18T03:07:38.000Z,822467311361818625
68,"#Russian RSocks #botnet disrupted after #hacking millions of devices
 https://t.co/mZNY3ASoMD

#cyberwar #cybercrime #cyber #hacker #privacy #APT #bot #CISO #SRE #100DaysOfCode #CodeNewbies #bugbounty #CyberAttack #cybersecurity #Security #infosec #OpenSource #Python #javascript",en,1537995353487642625,2022-06-18T03:07:21.000Z,91608548
69,"HEY DEVS, TAKE THIS SURVEY &amp;  WIN $1000
https://t.co/RLKrSg1Llq

#MachineLearning #DataScience #pastor #BigData #Analytics #Python #TensorFlow #JavaScript #ReactJS #CloudComputing #ASUU  #Linux #Programming #Coding #100DaysofCode #NodeJS #golang #IoT #webdevelopment
#bitcoins https://t.co/RK7Ng83hv7",en,1537995290241773568,2022-06-18T03:07:06.000Z,822467311361818625
70,"HEY DEVS, TAKE THIS SURVEY &amp;  WIN $1000
https://t.co/RLKrSg1Llq

#MachineLearning #DataScience #pastor #BigData #Analytics #Python #TensorFlow #JavaScript #ReactJS #CloudComputing #ASUU  #Linux #Programming #Coding #100DaysofCode #NodeJS #golang #IoT #webdevelopment
#bitcoins https://t.co/3ecEoqxDQ8",en,1537994999656091648,2022-06-18T03:05:57.000Z,822467311361818625
71,"HEY DEVS, TAKE THIS SURVEY &amp;  WIN $1000
https://t.co/RLKrSg1Llq

#MachineLearning #DataScience #pastor #BigData #Analytics #Python #TensorFlow #JavaScript #ReactJS #CloudComputing #ASUU  #Linux #Programming #Coding #100DaysofCode #NodeJS #golang #IoT #webdevelopment
#bitcoins https://t.co/KVeCTtLAaf",en,1537994909881278467,2022-06-18T03:05:35.000Z,822467311361818625
72,"#Paper pay
#Case study .
#python
#homework
#Essay help
#javascript
#Homework 
#Philosophy 
#Onlineclass 
#Essaypay
#Econometrics
#Math
#homework
#100DaysOfCode
#essaywrite
#Assignment due
#Assignment
Dm @GeniusEssayWri1",en,1537994896308441092,2022-06-18T03:05:32.000Z,1483108258529357832
73,"HEY DEVS, TAKE THIS SURVEY &amp;  WIN $1000
https://t.co/RLKrSg1Llq

#MachineLearning #DataScience #pastor #BigData #Analytics #Python #TensorFlow #JavaScript #ReactJS #CloudComputing #ASUU  #Linux #Programming #Coding #100DaysofCode #NodeJS #golang #IoT #webdevelopment
#bitcoins https://t.co/YopOLLq5YM",en,1537994836732653570,2022-06-18T03:05:18.000Z,822467311361818625
74,#Python #NodeJS #javascripttflx  #Cybersecurity #SEO  #medeepakjain #learnwithdeepak #javascript  #macOS #100DaysOfCode @PhishFindR #WordPress #webdev https://t.co/wqTIHj7OdV,qme,1537994683808239618,2022-06-18T03:04:41.000Z,1199332435701485569
75,"Genotyping A. thaliana T-DNA lines with long reads
https://t.co/4bqW48XgU4
#Genomics #retweet #OpenScience #DataScience #100DaysOfCode #WomenWhoCode #BigData #MachineLearning #serverless #Linux #Python #coding #SciComm #phdchat #Rstats #Bioinformatics #AcademicChatter #SciTwitter https://t.co/kq1wkqKCmc",en,1537994655081455617,2022-06-18T03:04:34.000Z,1286188078999248896
76,#Python #NodeJS #javascripttflx  #Cybersecurity #SEO  #medeepakjain #learnwithdeepak #javascript  #macOS #100DaysOfCode @PhishFindR #WordPress #webdev https://t.co/B6QPt9Ekvz,qme,1537994583828668417,2022-06-18T03:04:17.000Z,1199332435701485569
77,#Python #NodeJS #javascripttflx  #Cybersecurity #SEO  #medeepakjain #learnwithdeepak #javascript  #macOS #100DaysOfCode @PhishFindR #WordPress #webdev https://t.co/BhKVPZYrMk,qme,1537993852480393217,2022-06-18T03:01:23.000Z,1199332435701485569
78,#Python #NodeJS #javascripttflx  #Cybersecurity #SEO  #medeepakjain #learnwithdeepak #javascript  #macOS #100DaysOfCode @PhishFindR #WordPress #webdev https://t.co/aChjIHVKJP,qme,1537993808842936321,2022-06-18T03:01:13.000Z,1199332435701485569
79,"#RetweeetPlease 

#Greek #Girls #StarWars #NFT

ü´¢ 105 #ETH Traded

üí´https://t.co/1IbLzITOhL

#RETWEEET #100DaysOfCode #Serverless #OpenSource #javascript #Hiring #Recruitment #python #codefor30days #flutter #60DaysOfDSA #TensorFlow #hr #CyberSecurity #blockchain #web3 #Jobs https://t.co/JVomTzn0QB",en,1537993756162478080,2022-06-18T03:01:00.000Z,1459057388237950981
80,"ACE that class with our Scholars
*Project
*Math
*Essay due
*Pay write
*English
*Paper pay
*Case study
*Quiz... 
*Online classes
*Python.. 
*Philosophy.. 
*Book review,,, 
*Assignment due.. 
#Pay someone write
#100DaysOfCode
#NodeJS
#javascript
Dm or Email precisewriter8@gmail.com",en,1537993655369158656,2022-06-18T03:00:36.000Z,1524433180840890368
81,"#FEATURED #COURSES

Machine Learning, Data Science and Deep Learning with Python

Complete hands-on #machine #learning tutorial with #data #science, #Tensorflow, #artificial #intelligence, and neural networks

https://t.co/PaHDf3Y7ms

#python #100daysofcode #coding #udemy https://t.co/ByOMF23Kf7",en,1537993646569496579,2022-06-18T03:00:34.000Z,134434122
82,"WhatsApp+1 (316) 600-3577 or email pwriters123@gmail.com for top notch, quality assignments  and essays
#Paperpay
#python
#writechat 
#WomenWhoCode 
#Assignment 
#Onlineclass
#Essaypay
#100DaysOfCode
#editorchat
#Essaydue
#amwriting
#EnglishVocabularySizeTest 
#essayhelp",en,1537993644304568322,2022-06-18T03:00:33.000Z,1322063052871737345
83,"Courses of Programming
üëá
https://t.co/CdQCZpupjU ‚Ä¶

#BigData #Analytics #DataScience #AI #MachineLearning #IoT #IIoT #Python #RStats #TensorFlow #GoLang #JavaScript #ReactJS #CloudComputing #Serverless #DataScientist #Programming #Coding #100DaysofCode https://t.co/OWAQ5grPOI",en,1537993601388490754,2022-06-18T03:00:23.000Z,910879843054751744
84,"#Hiring?
Sign up now https://t.co/o7lVlsCHXv
FREE. NO MIDDLEMAN
#ArtificialIntelligence #MachineLearning #Python #DataScience #innovation #IoT #Industry40 #DigitalMarketing #CyberSecurity #coding #NodeJS #javascript #django #100DaysOfCode #Tech #programming #Job #Bitcoin #HR #AI https://t.co/G3PHXdNhbH",en,1537993512708280325,2022-06-18T03:00:02.000Z,1332714745871421443
85,"#RetweeetPlease 

#Greek #Girls #StarWars #NFT

ü´¢ 105 #ETH Traded

üí´https://t.co/1IbLzITOhL

#NFTs #NFTdrop #flutter #Serverless #hr #100DaysOfCode #CodeNewbie #Developers #bugbounty #CyberAttack #cybersecurity #Security #infosec #OpenSource #Python #javascript #tech #RETWEEET https://t.co/9zyJFqzB99",en,1537993422354538497,2022-06-18T02:59:41.000Z,1459057388237950981
86,"ACE that class with our Scholars
*Project
*Math
*Essay due
*English
*Paper pay
*Case study
*Quiz... 
*Online classes
*Python.. 
*Philosophy.. 
*Book review,,, 
*Assignment due.. 
#Pay someone write
#100DaysOfCode
#NodeJS
#javascript
Dm or Email precisewriter8@gmail.com",en,1537992920153792513,2022-06-18T02:57:41.000Z,1524433180840890368
87,"#CyberSecurity Awareness 

#MachineLearning #DataScience #SQL #BigData #Analytics #AI #IIoT #Python #JavaScript #ReactJS #CloudComputing #Serverless #DataScientist #Linux #Programming #Coding #100DaysofCode #NodeJS #golang #NLP #GitHub #IoT #MLOps #blockchain https://t.co/GuQBQBYdDw",en,1537992803078139904,2022-06-18T02:57:13.000Z,1521193373591384064
88,#MachineLearning Tools #DataScience #SQL #Cybersecurity #BigData #Analytics #AI #IIoT #Python #RStats #TensorFlow #JavaScript #ReactJS #CloudComputing #Serverless #DataScientist #Linux #Programming #Coding #100DaysofCode #NodeJS #golang #NLP #GitHub #IoT #MLOps #blockchain #Azure https://t.co/lshIdDGB5I,en,1537992234833874944,2022-06-18T02:54:57.000Z,1521193373591384064
89,Best of #CyberSecurity Tools #MachineLearning #DataScience #SQL #BigData #Analytics #AI #IIoT #Python #RStats #TensorFlow #JavaScript #ReactJS #CloudComputing #Serverless #DataScientist #Linux #Programming #Coding #100DaysofCode #NodeJS #golang #NLP #GitHub #IoT #MLOps #DevOps https://t.co/uImAKnwHEn,en,1537991992373702657,2022-06-18T02:54:00.000Z,1521193373591384064
90,"Day-15 of #100DaysOfCode #Python , Will be learning about GUI (Graphical User Interface)  , Instances , State and Higher order functions.",en,1537991752732139522,2022-06-18T02:53:03.000Z,1524419957198831616
91,"#Paper pay
#Case study .
#python
#homework
#Essay help
#javascript
#Homework 
#Philosophy 
#Onlineclass 
#Essaypay
#Econometrics
#Math
#homework
#100DaysOfCode
#essaywrite
#Assignment due
#Assignment
Dm @kimwriter_tutor",en,1537991735724212225,2022-06-18T02:52:58.000Z,973649208
92,"ACE that class with our Scholars
*Project
*Math
*Essay due
*English.. 
*Paper pay
*Case study
*Quiz... 
*Online classes
*Python.. 
*Philosophy.. 
*Book review,,, 
*Assignment due.. 
#Pay someone write
#100DaysOfCode
#NodeJS
#javascript
Dm or Email precisewriter8@gmail.com",en,1537991588588048386,2022-06-18T02:52:23.000Z,1524433180840890368
93,"New technology could be a game-changer for liver transplants

Know more: https://t.co/cJIeJAqtul

#MachineLearning¬†#AI¬†#Python¬†#DataScience¬†#BigData¬†
#DeepLearning¬†#IoT¬†#NLP¬†#100DaysOfCode¬†#5G¬†#robots¬†
#tech¬†#ArtificialIntelligence¬†#cloud¬†#4IR¬†#cybersecurity https://t.co/8TI55XN18d",en,1537991574839185409,2022-06-18T02:52:20.000Z,1521193373591384064
94,"""Turn off your mind, relax, and float downstream.""- John Lennon #softwareengineer #javascript #python #C++ #golang #nodejs #reactjs #stockopertor #highgrowthstocks $SPX $QQQ $RUT $VIX #canslim #100DaysOfCode",en,1537991074894839809,2022-06-18T02:50:21.000Z,1243665419501744133
95,"#Infographic: Top 10 Skills of 2025
Via @ingliguori
#ArtificialIntelligence #AI #ML #MachineLearning #DataScientists #CodeNewbies #deeplearning #CyberSecurity #nocode #Python #Coding  #javascript #rstats #100DaysOfCode #programming #SQL #MLOps #DataScientist #DataScience https://t.co/IdpA2Sd4Ff",en,1537991002073354244,2022-06-18T02:50:04.000Z,1521193373591384064
96,"#Hiring?
Sign up now https://t.co/o7lVlsCHXv
FREE. NO MIDDLEMAN
#ArtificialIntelligence #MachineLearning #Python #DataScience #innovation #IoT #Industry40 #DigitalMarketing #CyberSecurity #coding #NodeJS #javascript #django #100DaysOfCode #Tech #programming #Job #Bitcoin #HR #AI https://t.co/GEpQ6ojahD",en,1537990986105729026,2022-06-18T02:50:00.000Z,1332714745871421443
97,"Resumes of software engineers...
#BigData #Analytics #DataScience #AI #MachineLearning #IoT #IIoT #PyTorch #Python #RStats #TensorFlow #Java #JavaScript #ReactJS #GoLang #CloudComputing #Serverless #DataScientist #Linux #Programming #Coding #100DaysofCode https://t.co/ti8Qp7Cvs8",en,1537990805893181442,2022-06-18T02:49:17.000Z,1521193373591384064
98,"If crowdfunding campaigns reach goals with less than 1000 backers on average, and 1% of fans back you, you need 100k fans

#100Daysofcode #programming #CodeNewbie #python #AI #bugbounty #DataScience #gamedev #BigData #Cube #NeuralNetworks #OpenSource #tetragram #NewZealand #nzpol https://t.co/ApSf8iVO0I",en,1537990563433443328,2022-06-18T02:48:19.000Z,945606416
99,"1 hour in Python is 7 hour in Java.
Agree ?

#Python #Java #100DaysOfCode #Coding",en,1537990163502354432,2022-06-18T02:46:44.000Z,1376901020052168704
